month,net_revenue,cost_of_goods_sold,gross_profit,operating_expenses,net_income,spending,budget
2025-01-01,13617.19,9525.55,4091.64,3234.65,856.99,12760.2,20000
2025-02-01,17386.33,12165.6,5220.73,4009.28,1211.45,16129.13,20000
2025-03-01,15188.96,10785.65,4403.31,4318.72,84.59,15058.62,20000
2025-04-01,14549.57,10098.65,4450.92,4205.22,245.7,14258.12,20000
2025-05-01,16139.09,11160.05,4979.04,3729.93,1249.11,14844.23,20000
2025-06-01,16961.38,11816.35,5145.03,3667.26,1477.77,15437.86,20000
2025-07-01,13684.61,9375.6,4309.01,3340.84,968.17,12670.69,20000
2025-08-01,14236.73,10002.9,4233.83,3388.21,845.62,13345.36,20000
2025-09-01,14416.89,9700.95,4715.94,3270.86,1445.08,12926.06,20000
2025-10-01,15602.75,10605.25,4997.5,3556.33,1441.17,14115.83,20000
2025-11-01,24130.03,16930,7200.03,5558.63,1641.4,22442.88,20000
2025-12-01,26820.64,18241.7,8578.94,6831.09,1747.85,25027.04,20000
