month,gross_sales_ebay,gross_sales_shopify,sales_designer,sales_car_perfume,sales_refills,shipping_income,discounts,returns,cogs_designer,cogs_own,marketplace_fees,payment_fees,fulfillment_costs,advertising,packaging_costs,software,professional_fees,taxes_licenses,general_admin,inventory_purchases,equipment_purchases,member_contributions,member_distributions,sales_tax_collected,sales_tax_remitted,orders,orders_ebay,orders_shopify,units,returned_orders
2025-01,7868.76,5372.97,11296.84,597.32,1347.57,509.15,26.39,107.3,9101.0,424.55,1070.6,205.33,1183.1,454.52,68.9,75.2,0.0,110.0,67.0,0.0,1647.0,0.0,750.0,64.94,708.0,182,70,112,288,1
2025-02,10203.63,7371.53,15205.69,697.22,1672.25,616.97,29.91,775.89,11657.0,508.6,1389.17,276.92,1524.2,508.81,85.8,75.2,0.0,0.0,103.43,2400.0,0.0,2500.0,750.0,154.04,0.0,232,93,139,359,7
2025-03,7998.73,7055.8,13065.68,587.33,1401.52,539.1,62.91,341.76,10357.0,428.65,1085.0,260.3,1229.8,513.47,70.2,97.2,950.0,0.0,67.0,0.0,0.0,0.0,750.0,147.56,0.0,188,63,125,299,4
2025-04,9112.12,5360.45,12358.76,597.32,1516.49,581.03,57.25,446.78,9648.0,450.65,1236.16,209.63,1232.55,465.48,73.45,75.2,0.0,800.0,67.0,0.0,0.0,0.0,750.0,114.19,366.54,191,72,119,300,7
2025-05,9220.82,6625.56,13444.91,615.31,1786.16,599.0,42.05,264.24,10645.0,515.05,1257.38,253.99,1453.35,433.38,85.15,75.2,0.0,0.0,125.73,0.0,0.0,0.0,750.0,179.16,0.0,224,89,135,347,1
2025-06,9203.27,7295.16,14073.0,519.42,1906.01,640.93,47.6,130.38,11308.0,508.35,1249.43,278.32,1434.35,412.06,85.15,75.2,20.0,0.0,67.0,2300.0,0.0,0.0,750.0,187.13,0.0,222,75,147,350,2
2025-07,9009.83,4760.62,11657.72,489.44,1623.29,527.12,32.69,580.27,8929.0,446.6,1225.4,187.72,1251.55,414.77,73.45,75.2,0.0,0.0,67.0,0.0,0.0,0.0,750.0,38.0,480.48,193,79,114,311,5
2025-08,8318.08,5839.0,12239.19,515.41,1402.48,479.2,20.69,378.86,9590.0,412.9,1133.33,219.69,1249.6,476.4,68.9,75.2,0.0,0.0,119.34,0.0,0.0,0.0,750.0,129.38,0.0,189,78,111,297,3
2025-09,6705.48,7104.87,11458.81,541.38,1810.16,646.92,23.4,16.98,9201.0,499.95,912.43,273.3,1333.85,484.68,78.65,75.2,0.0,0.0,67.0,0.0,0.0,0.0,750.0,184.11,0.0,206,60,146,336,2
2025-10,8742.81,6761.88,12926.39,549.37,2028.93,622.96,67.36,457.54,10062.0,543.25,1191.23,259.74,1440.3,393.91,83.2,75.2,0.0,0.0,67.0,3200.0,0.0,0.0,750.0,202.12,351.49,221,82,139,367,5
2025-11,13018.48,10746.63,20378.83,976.9,2409.38,826.62,103.89,357.81,16201.0,729.0,1772.96,399.71,2045.7,982.24,118.3,75.2,0.0,0.0,118.77,0.0,0.0,0.0,750.0,305.03,0.0,314,120,194,507,3
2025-12,17077.67,10181.47,22850.79,1056.8,3351.55,1042.26,84.34,1396.42,17307.0,934.7,2328.01,399.29,2556.55,1214.34,144.95,75.2,0.0,0.0,67.0,0.0,0.0,0.0,750.0,279.81,0.0,390,163,227,638,12
