product,rank,product_line,units,merchandise_sales,gross_profit,gross_margin
"Car Perfume refill, 3 x 10 ml",1,Refills,552,8274.48,6535.68,0.7899
Parfums de Marly Layton EDP 4.2 oz,2,Designer fragrance,187,34158.11,6482.11,0.1898
"Car Perfume refill, 2 x 10 ml",3,Refills,677,7440.23,6018.53,0.8089
"Car Perfume refill, 10 ml",4,Refills,1092,6541.08,5394.48,0.8247
Creed Aventus EDP 3.3 oz,5,Designer fragrance,86,25049.19,4065.19,0.1623
Dior Sauvage EDT 3.4 oz,6,Designer fragrance,155,14980.95,3200.95,0.2137
"Car Perfume bottle, Onyx, Chrome or Gold",7,Car Perfume,514,4106.86,2898.96,0.7059
"Car Perfume bottle, color collection",8,Car Perfume,364,3636.36,2708.16,0.7447
Versace Eros EDT 3.4 oz,9,Designer fragrance,175,10680.16,2630.16,0.2463
Maison Francis Kurkdjian Baccarat Rouge 540 EDP 2.4 oz,10,Designer fragrance,55,14407.46,2362.46,0.164
