customer_id,acquisition_channel,state,first_order,last_order,orders,lifetime_value,avg_order_value,segment
C-00289,eBay,TX,2025-02-23,2025-03-30,3,938.34,312.78,At risk
C-00748,Shopify,CO,2025-05-28,2025-06-12,3,644.58,214.86,At risk
C-00291,eBay,CA,2025-02-23,2025-04-12,3,608.47,202.82,At risk
C-00711,eBay,CA,2025-05-20,2025-10-13,3,588.38,196.13,Champions
C-01443,Shopify,CA,2025-10-13,2025-10-13,1,553.28,553.28,New
C-00984,eBay,OH,2025-07-13,2025-07-19,2,522.28,261.14,At risk
C-00163,Shopify,FL,2025-02-04,2025-02-06,2,506.04,253.02,At risk
C-01926,eBay,TX,2025-12-17,2025-12-17,1,503.39,503.39,New
C-00160,Shopify,WA,2025-02-03,2025-06-16,2,489.52,244.76,At risk
C-00241,eBay,IL,2025-02-16,2025-10-16,3,474.07,158.02,Champions
C-00687,eBay,AZ,2025-05-16,2025-05-16,1,471.7,471.7,Hibernating
C-00765,Shopify,PA,2025-05-31,2025-12-08,2,469.33,234.67,Champions
C-01139,eBay,NC,2025-08-16,2025-08-23,2,466.82,233.41,At risk
C-00076,eBay,FL,2025-01-15,2025-07-05,2,466.52,233.26,At risk
C-00523,eBay,CA,2025-04-15,2025-04-15,1,465.37,465.37,Hibernating
C-00643,eBay,AZ,2025-05-08,2025-06-30,2,465.19,232.59,At risk
C-00091,eBay,CA,2025-01-20,2025-02-17,2,465.17,232.58,At risk
C-00438,eBay,FL,2025-03-29,2025-11-07,2,458.7,229.35,Champions
C-01885,Shopify,GA,2025-12-13,2025-12-15,2,458.44,229.22,Champions
C-00840,eBay,CA,2025-06-13,2025-06-16,2,446.53,223.26,At risk
C-00871,eBay,IL,2025-06-19,2025-10-25,2,442.5,221.25,Champions
C-00905,eBay,CA,2025-06-26,2025-10-15,3,442.27,147.42,Champions
C-01050,eBay,IL,2025-07-27,2025-08-11,2,437.7,218.85,At risk
C-00507,Shopify,AZ,2025-04-13,2025-10-22,2,430.07,215.03,Champions
C-01614,eBay,NY,2025-11-10,2025-11-19,2,424.68,212.34,Champions
